{
  "users": [
    {
      "name": "test",
      "username": "testuser",
      "email": "test@gmail.com",
      "phone": "11111111111",
      "id": 1
    },
    {
      "name": "test1",
      "username": "testuser1",
      "email": "test1@gmail.com",
      "phone": "0987654321",
      "id": 2
    },
    {
      "name": "user",
      "username": "user",
      "email": "user@gmail.com",
      "phone": "1212121212",
      "id": 3
    },
    {
      "name": "abhi",
      "username": "patel",
      "email": "abhi@gmail.com",
      "phone": "1234567890",
      "id": 27
    },
    {
      "name": "abhi",
      "username": "patel",
      "email": "test@gmail.com",
      "phone": "11111111111",
      "id": 30
    }
  ]
}